<?xml version="1.0" encoding="UTF-8"?>
<beans xmlns="http://www.springframework.org/schema/beans"
       xmlns:context="http://www.springframework.org/schema/context"
       xmlns:xsi="http://www.w3.org/2001/XMLSchema-instance"
       xmlns:tx="http://www.springframework.org/schema/tx" xmlns:p="http://www.springframework.org/schema/p"
       xsi:schemaLocation="http://www.springframework.org/schema/beans http://www.springframework.org/schema/beans/spring-beans.xsd
        http://www.springframework.org/schema/context http://www.springframework.org/schema/context/spring-context-4.3.xsd
        http://www.springframework.org/schema/tx http://www.springframework.org/schema/tx/spring-tx-4.3.xsd">

    <!--扫描dao，service-->
    <context:component-scan base-package="com.just.manager.dao"></context:component-scan>
    <context:component-scan base-package="com.just.manager.service"></context:component-scan>

    <!--数据源位置-->
    <context:property-placeholder location="classpath:db.properties"></context:property-placeholder>
    <bean id="dataSource" class="com.alibaba.druid.pool.DruidDataSource">
        <property name="driverClassName" value="${jdbc.driverClass}"></property>
        <property name="url" value="${jdbc.url}"></property>
        <property name="username" value="${jdbc.username}"></property>
        <property name="password" value="${jdbc.password}"></property>
    </bean>
    <!--配置与MyBatis整合-->
    <bean id="sqlSessionFactory" class="org.mybatis.spring.SqlSessionFactoryBean" p:typeAliasesPackage="com.gaoshu.bean">
        <property name="dataSource" ref="dataSource"></property>
        <property name="mapperLocations" value="classpath:mapper/*.xml"></property>
        <property name="configLocation" value="classpath:mybatis-config.xml"></property>
    </bean>

    <!--扫描dao接口-->
    <bean id="mapperScanner" class="org.mybatis.spring.mapper.MapperScannerConfigurer">
        <property name="basePackage" value="com.just.manager.dao"></property>
    </bean>
    <!-- <新增>配置一个可以执行批量插入的sqlSession -->
    <bean id="sqlSession" class="org.mybatis.spring.SqlSessionTemplate">
        <constructor-arg name="sqlSessionFactory" ref="sqlSessionFactory"></constructor-arg>
        <constructor-arg name="executorType" value="SIMPLE"></constructor-arg>
    </bean>


    <!--配置声明式事务管理-->
    <bean id="transactionManager" class="org.springframework.jdbc.datasource.DataSourceTransactionManager">
        <property name="dataSource" ref="dataSource"></property>
    </bean>
    <tx:annotation-driven transaction-manager="transactionManager"></tx:annotation-driven>

</beans>