<?xml version="1.0" encoding="UTF-8"?>
<beans xmlns="http://www.springframework.org/schema/beans"
       xmlns:context="http://www.springframework.org/schema/context"
       xmlns:xsi="http://www.w3.org/2001/XMLSchema-instance"
       xmlns:aop="http://www.springframework.org/schema/aop"
       xmlns:mvc="http://www.springframework.org/schema/mvc"
       xsi:schemaLocation="http://www.springframework.org/schema/beans http://www.springframework.org/schema/beans/spring-beans.xsd
        http://www.springframework.org/schema/context http://www.springframework.org/schema/context/spring-context-4.3.xsd
        http://www.springframework.org/schema/aop http://www.springframework.org/schema/aop/spring-aop-4.3.xsd
        http://www.springframework.org/schema/mvc http://www.springframework.org/schema/mvc/spring-mvc-4.3.xsd ">

    <!-- 扫描controller的注解，别的不扫描 -->
    <context:component-scan base-package="com.just.manager.controller"></context:component-scan>

    <!-- 配置视图解析器 -->
    <bean id="viewResolver"
          class="org.springframework.web.servlet.view.InternalResourceViewResolver">    <!-- JSP文件所在的目录 -->
        <property name="prefix" value="/pages/"/>   <!-- 文件的后缀名 -->
        <property name="suffix" value=".jsp"/>
    </bean>

    <mvc:default-servlet-handler/>
    <!-- 开启对SpringMVC注解的支持 -->
    <mvc:annotation-driven>
        <mvc:message-converters>
            <bean class="org.springframework.http.converter.StringHttpMessageConverter">
                <property name="supportedMediaTypes" value="text/plain;charset=UTF-8"></property>
            </bean>
        </mvc:message-converters>
    </mvc:annotation-driven>
    <!--         支持AOP的注解支持，AOP底层使用代理技术
            JDK动态代理，要求必须有接口
            cglib代理，生成子类对象，proxy-target-class="true" 默认使用cglib的方式    -->
    <aop:aspectj-autoproxy proxy-target-class="true"/>

  <!--  &lt;!&ndash; 配置文件上传解析器 &ndash;&gt;
    <bean id="multipartResolver" class="org.springframework.web.multipart.commons.CommonsMultipartResolver">
        &lt;!&ndash; 设置编码格式 &ndash;&gt;
        <property name="defaultEncoding" value="UTF-8"></property>
        &lt;!&ndash; 设置文件大小 &ndash;&gt;
        <property name="maxUploadSize" value="1024000"></property>
    </bean>-->

    <!-- 全局异常控制 -->
    <bean class="org.springframework.web.servlet.handler.SimpleMappingExceptionResolver">
        <property name="exceptionMappings">
            <props>
            </props>
        </property>
    </bean>

</beans>